id,first_name,last_name,email,phone,Invalid Date
1,Lani,Rollins,blandit@quam.com,1-633-389-7173,Thu May 10 2012 17:53:40 GMT+0700 (WIB)
2,McKenzie,Burris,mauris.Morbi.non@nequeNullam.com,1-906-235-0832,Sat Jul 06 2013 21:23:09 GMT+0700 (WIB)
3,Amethyst,Morgan,dui@magnis.ca,1-548-366-6273,Sun Jun 17 2012 03:28:33 GMT+0700 (WIB)
4,Lamar,Hardin,pharetra.felis.eget@mattisInteger.com,1-519-693-8091,Mon Dec 02 2013 21:45:30 GMT+0700 (WIB)
5,Keegan,Coleman,leo.Cras.vehicula@musProinvel.edu,1-998-626-8896,Fri Nov 16 2012 07:55:29 GMT+0700 (WIB)
6,Marshall,Griffith,egestas.Aliquam@Proinvelnisl.edu,1-554-353-5053,Sat Sep 15 2012 05:57:44 GMT+0700 (WIB)
7,Jonah,Deleon,Donec.tincidunt.Donec@dolor.org,1-782-671-2356,Sat Dec 14 2013 06:29:38 GMT+0700 (WIB)
8,Jackson,Howell,eleifend@Nuncullamcorpervelit.ca,1-323-738-0807,Mon Feb 04 2013 00:49:27 GMT+0700 (WIB)
9,Kieran,Edwards,a.enim@perinceptoshymenaeos.com,1-695-830-5757,Fri Aug 17 2012 15:23:51 GMT+0700 (WIB)
10,Fiona,Howard,ut.quam@loremfringillaornare.org,1-494-585-2386,Sun Feb 17 2013 19:23:46 GMT+0700 (WIB)
11,Jorden,Ruiz,iaculis.lacus.pede@temporerat.com,1-314-890-5249,Sat Apr 21 2012 15:57:17 GMT+0700 (WIB)
12,Kendall,Burt,eu.eros@eutellus.org,1-141-379-8276,Wed Aug 21 2013 08:03:11 GMT+0700 (WIB)
13,Blossom,Cantrell,Suspendisse.aliquet@estarcu.ca,1-369-893-7454,Thu Apr 18 2013 01:36:58 GMT+0700 (WIB)
14,Latifah,Barron,est@mauris.edu,1-321-158-7603,Thu Nov 15 2012 21:59:23 GMT+0700 (WIB)
15,Brenna,Horton,morbi@AliquamnislNulla.edu,1-564-409-7698,Fri Sep 06 2013 11:28:41 GMT+0700 (WIB)
16,Ray,Alexander,ac@Duis.edu,1-400-270-5855,Fri Jun 28 2013 07:59:41 GMT+0700 (WIB)
17,Tyler,Daniels,ac@morbitristiquesenectus.com,1-192-852-6320,Thu Mar 01 2012 14:34:35 GMT+0700 (WIB)
18,Hanae,Kelly,Mauris.magna@loremfringillaornare.org,1-136-621-1133,Mon Aug 06 2012 20:35:41 GMT+0700 (WIB)
19,Barrett,Chan,sed@mollis.org,1-268-800-8354,Fri Aug 30 2013 05:24:48 GMT+0700 (WIB)
20,Wylie,Holden,et@nibhsit.com,1-174-288-4996,Thu Jun 20 2013 02:55:10 GMT+0700 (WIB)
21,Hedda,Downs,pede.Nunc.sed@Sedauctor.ca,1-349-185-4895,Mon Sep 23 2013 11:20:03 GMT+0700 (WIB)
22,Hope,Hooper,viverra@tristiquealiquet.edu,1-669-268-8015,Tue Nov 27 2012 16:16:10 GMT+0700 (WIB)
23,Avram,Lloyd,Lorem@blanditatnisi.ca,1-834-324-8689,Sun May 06 2012 01:07:33 GMT+0700 (WIB)
24,Emerald,Graham,placerat.velit.Quisque@euismodurnaNullam.com,1-191-903-4185,Mon Jan 14 2013 03:22:46 GMT+0700 (WIB)
25,Bert,Mullen,mauris@velarcu.org,1-869-728-6513,Tue Jun 19 2012 05:32:40 GMT+0700 (WIB)
26,Xerxes,Cohen,quam.vel.sapien@orci.com,1-268-787-2932,Sun Oct 21 2012 21:14:04 GMT+0700 (WIB)
27,Xaviera,Simpson,Fusce.mi.lorem@ligulaAliquam.com,1-463-925-2269,Thu Aug 22 2013 08:18:16 GMT+0700 (WIB)
28,Joy,Wooten,mi.Aliquam@pede.ca,1-814-208-3061,Thu Dec 19 2013 09:38:01 GMT+0700 (WIB)
29,Kane,Good,euismod.in@vitaepurusgravida.com,1-648-965-8144,Mon Sep 30 2013 06:40:34 GMT+0700 (WIB)
30,Blossom,Odom,commodo.at.libero@consectetueripsum.com,1-792-199-1426,Sat Nov 09 2013 22:06:06 GMT+0700 (WIB)
31,Ivy,Wise,egestas.lacinia.Sed@consequatnec.org,1-680-405-9126,Sat Jan 18 2014 05:35:46 GMT+0700 (WIB)
32,Allegra,Rosales,elit.pellentesque@Nullamenim.org,1-545-798-3482,Mon Jun 04 2012 08:58:10 GMT+0700 (WIB)
33,Candice,Kent,neque.Morbi@risus.ca,1-533-455-0536,Fri Mar 22 2013 13:00:29 GMT+0700 (WIB)
34,Yen,Ryan,Cras@Nuncullamcorper.edu,1-161-509-6241,Thu Oct 18 2012 14:29:25 GMT+0700 (WIB)
35,Vivian,Larson,orci.Ut@et.edu,1-445-598-1973,Mon Jul 16 2012 03:47:36 GMT+0700 (WIB)
36,Lawrence,Beach,risus@rhoncus.ca,1-678-303-4989,Sun Apr 21 2013 06:26:59 GMT+0700 (WIB)
37,Marvin,Stuart,amet.ultricies.sem@vitae.edu,1-721-818-2782,Tue Feb 04 2014 10:23:46 GMT+0700 (WIB)
38,Kimberley,Alvarado,sed.dui.Fusce@Morbiquis.com,1-877-365-2340,Sun Aug 04 2013 00:54:15 GMT+0700 (WIB)
39,Yardley,Pruitt,eu@nullaante.com,1-471-640-8907,Sat Jan 11 2014 11:32:37 GMT+0700 (WIB)
40,James,Oneill,pede.Cras@eleifendnec.org,1-881-215-2135,Thu Oct 17 2013 04:18:31 GMT+0700 (WIB)
41,Florence,Ruiz,lorem@aliquet.ca,1-729-520-3677,Sat Sep 01 2012 16:29:58 GMT+0700 (WIB)
42,Jerry,Ellison,sit.amet.consectetuer@elit.edu,1-396-500-9380,Sat Nov 23 2013 19:39:22 GMT+0700 (WIB)
43,Aphrodite,Whitfield,enim.Curabitur.massa@elementumategestas.ca,1-328-695-3383,Wed Sep 26 2012 21:50:21 GMT+0700 (WIB)
44,Hayes,Weber,ac@tincidunt.edu,1-711-759-7595,Tue Oct 01 2013 04:02:02 GMT+0700 (WIB)
45,Justine,Mosley,nec.ligula@Pellentesquehabitantmorbi.edu,1-577-815-1542,Mon Nov 12 2012 18:19:58 GMT+0700 (WIB)
46,Alfreda,Peck,eu.elit@rutrumeu.com,1-103-863-3199,Thu Aug 02 2012 04:57:33 GMT+0700 (WIB)
47,Jessamine,Swanson,placerat.orci.lacus@malesuadaInteger.com,1-279-324-6219,Sat Apr 27 2013 19:48:38 GMT+0700 (WIB)
48,Jemima,Mack,Duis.volutpat@Cumsociis.com,1-415-725-7745,Sun Sep 08 2013 16:24:52 GMT+0700 (WIB)
49,Isabella,Santiago,erat@Duisami.ca,1-302-923-9793,Sun May 05 2013 06:30:05 GMT+0700 (WIB)
50,Maia,Mathews,vulputate.risus.a@scelerisquemollisPhasellus.com,1-730-514-0531,Wed Feb 13 2013 02:49:28 GMT+0700 (WIB)
51,Hiram,Freeman,ipsum.Phasellus.vitae@ullamcorpereu.com,1-628-507-8637,Sat Jun 09 2012 14:10:50 GMT+0700 (WIB)
52,Kameko,Garrison,Morbi.neque.tellus@molestie.edu,1-625-688-7216,Tue Oct 29 2013 10:53:47 GMT+0700 (WIB)
53,Ivy,Robinson,Phasellus.nulla@malesuadavel.org,1-884-748-4013,Sun Feb 10 2013 03:35:03 GMT+0700 (WIB)
54,Zachery,Diaz,adipiscing.elit@nullavulputatedui.org,1-463-284-8324,Sun Feb 10 2013 11:11:22 GMT+0700 (WIB)
55,Charissa,Mitchell,pede@utsem.com,1-261-763-9654,Sat Aug 10 2013 04:24:07 GMT+0700 (WIB)
56,Montana,Hardy,vel@pellentesquetellussem.org,1-960-893-2196,Thu Aug 08 2013 10:04:33 GMT+0700 (WIB)
57,Alexander,Henson,Nullam.nisl.Maecenas@aliquamenim.org,1-319-384-6588,Sat Dec 14 2013 18:02:00 GMT+0700 (WIB)
58,Octavia,Odom,per.inceptos@nonfeugiatnec.com,1-526-745-3491,Fri Aug 24 2012 00:11:19 GMT+0700 (WIB)
59,Ruby,Maddox,fringilla.est@mollisduiin.com,1-167-716-6832,Sat Dec 22 2012 10:01:41 GMT+0700 (WIB)
60,Buckminster,Woodward,Curabitur.ut@metusAliquam.edu,1-325-675-7514,Tue Oct 08 2013 18:42:47 GMT+0700 (WIB)
61,Troy,Vinson,eu@netus.ca,1-796-489-6093,Fri Jul 26 2013 16:13:03 GMT+0700 (WIB)
62,Ivan,Hernandez,dui@Craseutellus.edu,1-316-167-5567,Fri Dec 14 2012 18:08:33 GMT+0700 (WIB)
63,Riley,Nguyen,mollis.dui@sapiencursus.com,1-843-542-8970,Thu Dec 13 2012 03:01:14 GMT+0700 (WIB)
64,Hermione,Hahn,Aenean.egestas@nonantebibendum.edu,1-728-385-0615,Thu Aug 09 2012 04:23:43 GMT+0700 (WIB)
65,Jerry,Mcintosh,accumsan@dolortempus.com,1-905-802-7462,Wed Sep 05 2012 06:56:26 GMT+0700 (WIB)
66,Tamekah,Fox,amet.consectetuer.adipiscing@vitae.ca,1-403-475-9211,Tue Sep 04 2012 18:14:24 GMT+0700 (WIB)
67,Benedict,Lloyd,Vivamus.euismod.urna@nibhPhasellus.ca,1-381-127-3111,Thu Nov 21 2013 14:37:15 GMT+0700 (WIB)
68,Chaim,Cherry,Etiam@Maecenasiaculis.com,1-808-829-9357,Sat Nov 10 2012 03:04:05 GMT+0700 (WIB)
69,Paloma,Avila,dis.parturient@molestie.ca,1-486-797-8181,Tue Mar 06 2012 10:11:11 GMT+0700 (WIB)
70,Cheryl,Hayes,et.ipsum@id.com,1-294-239-8095,Sat Feb 09 2013 14:19:53 GMT+0700 (WIB)
71,Nash,Flynn,lorem@facilisisSuspendisse.edu,1-488-207-3219,Sat Apr 28 2012 21:31:58 GMT+0700 (WIB)
72,Rebecca,Harris,Curae;.Phasellus@urnanec.org,1-676-586-0591,Tue Feb 14 2012 19:56:51 GMT+0700 (WIB)
73,Althea,Mcintyre,sem.vitae.aliquam@temporeratneque.ca,1-286-518-4810,Wed May 02 2012 17:43:30 GMT+0700 (WIB)
74,Brock,Paul,mattis.Integer@aliquetdiam.com,1-820-970-9769,Thu Aug 16 2012 09:30:58 GMT+0700 (WIB)
75,Vanna,Maddox,nunc.id.enim@eunequepellentesque.org,1-373-765-8833,Tue Mar 05 2013 04:26:24 GMT+0700 (WIB)
76,Maia,Morrison,egestas.Fusce.aliquet@quispede.edu,1-461-447-3331,Mon Nov 19 2012 17:29:45 GMT+0700 (WIB)
77,Evan,Barnes,erat.in.consectetuer@Donec.com,1-138-812-2889,Thu Jul 19 2012 05:20:31 GMT+0700 (WIB)
78,Sylvia,Gomez,vehicula.risus.Nulla@velfaucibusid.edu,1-209-542-6835,Thu Oct 04 2012 19:03:22 GMT+0700 (WIB)
79,Noble,Mills,Quisque@NullamenimSed.ca,1-571-859-7437,Thu Jun 21 2012 14:59:21 GMT+0700 (WIB)
80,Jaime,Bell,mus.Aenean@Curabitur.org,1-699-372-8480,Sat Nov 16 2013 18:57:45 GMT+0700 (WIB)
81,Jarrod,Lopez,egestas.ligula@egestas.org,1-884-627-3686,Sat Mar 24 2012 23:31:59 GMT+0700 (WIB)
82,George,Ball,a@etnetuset.ca,1-181-829-8754,Sun Aug 19 2012 13:33:31 GMT+0700 (WIB)
83,Bevis,Mckenzie,justo.sit.amet@parturientmontes.edu,1-178-547-1872,Thu Mar 28 2013 19:46:46 GMT+0700 (WIB)
84,Quintessa,Howell,eu.dui@ipsumleo.ca,1-347-212-6283,Fri Jun 01 2012 15:55:28 GMT+0700 (WIB)
85,September,Fulton,sem.ut.dolor@leoin.ca,1-805-182-3676,Sat Dec 01 2012 05:48:35 GMT+0700 (WIB)
86,Edan,Clements,erat.semper.rutrum@pedenonummy.ca,1-730-358-6414,Tue Oct 16 2012 23:15:46 GMT+0700 (WIB)
87,Francis,Medina,Nam@neccursus.org,1-508-865-4972,Wed Jun 27 2012 03:52:10 GMT+0700 (WIB)
88,Yetta,Faulkner,egestas.lacinia@semPellentesqueut.ca,1-336-978-3144,Thu Jan 02 2014 23:27:26 GMT+0700 (WIB)
89,Davis,Vega,commodo.tincidunt@dolortempus.ca,1-323-721-0245,Sun Jun 17 2012 21:55:40 GMT+0700 (WIB)
90,Wing,Hatfield,tincidunt.congue@turpisIncondimentum.com,1-651-165-4851,Sat Mar 03 2012 23:24:57 GMT+0700 (WIB)
91,Quon,Wilcox,dictum.ultricies.ligula@quam.ca,1-920-144-5488,Tue May 21 2013 17:52:19 GMT+0700 (WIB)
92,Carson,Lynch,Cum.sociis@magna.org,1-272-668-7475,Mon Oct 08 2012 15:31:17 GMT+0700 (WIB)
93,Xaviera,Anderson,amet.metus@eu.ca,1-133-672-4970,Sat Feb 18 2012 01:34:51 GMT+0700 (WIB)
94,Ivor,Weber,Nam@vulputate.com,1-852-509-0906,Fri Dec 27 2013 07:29:43 GMT+0700 (WIB)
95,Stella,Armstrong,adipiscing.elit@dictum.edu,1-654-142-1913,Fri Apr 05 2013 17:53:16 GMT+0700 (WIB)
96,Ann,Farrell,scelerisque@turpis.org,1-686-786-3777,Thu Sep 27 2012 14:45:57 GMT+0700 (WIB)
97,Kennedy,Rich,euismod.est@iaculisodio.edu,1-553-644-9572,Tue Oct 02 2012 06:00:53 GMT+0700 (WIB)
98,Adria,Santiago,nibh@nuncullamcorper.com,1-180-457-1157,Mon Jan 21 2013 11:32:50 GMT+0700 (WIB)
99,Sarah,Waters,nonummy.ac.feugiat@diamSed.com,1-187-134-2333,Fri Nov 01 2013 20:08:44 GMT+0700 (WIB)
100,Bernard,Price,tellus@tempordiamdictum.org,1-373-588-1689,Mon Jul 16 2012 02:06:16 GMT+0700 (WIB)
101,Maia,Estrada,et.commodo@dictumeu.org,1-451-794-0013,Tue Nov 20 2012 21:53:02 GMT+0700 (WIB)
102,Kimberly,Banks,cursus.non@nec.com,1-703-971-8342,Thu May 03 2012 14:06:01 GMT+0700 (WIB)
103,Dane,Rosales,metus.Aliquam@auctor.edu,1-994-906-2567,Mon Jan 28 2013 05:34:50 GMT+0700 (WIB)
104,Melodie,Whitehead,dui.Cras.pellentesque@vulputateposuerevulputate.com,1-665-590-7281,Mon Dec 31 2012 15:00:46 GMT+0700 (WIB)
105,Bethany,Baird,est@lobortisauguescelerisque.org,1-801-168-8287,Sun Jul 14 2013 13:46:53 GMT+0700 (WIB)
106,Haviva,Lane,ultrices.mauris@ornare.com,1-634-452-5636,Mon Dec 17 2012 23:18:56 GMT+0700 (WIB)
107,Perry,Day,arcu.Morbi.sit@lacinia.com,1-233-161-7064,Fri Sep 14 2012 10:24:40 GMT+0700 (WIB)
108,Sheila,Rollins,Pellentesque.tincidunt.tempus@Nullaeget.org,1-850-423-0956,Mon Jun 18 2012 15:14:17 GMT+0700 (WIB)
109,Donovan,Melendez,vulputate.dui@insodaleselit.edu,1-842-548-9366,Thu Aug 09 2012 19:30:44 GMT+0700 (WIB)
110,Leandra,Boone,feugiat.nec.diam@atauctorullamcorper.com,1-356-341-9774,Sat May 04 2013 07:44:29 GMT+0700 (WIB)
111,Kaden,Matthews,ante@consectetuermauris.ca,1-906-932-5932,Sun Jul 28 2013 15:32:22 GMT+0700 (WIB)
112,Eleanor,Ewing,faucibus.leo@Quisquenonummy.edu,1-853-831-2874,Wed Sep 19 2012 07:44:06 GMT+0700 (WIB)
113,Ignatius,Bruce,nonummy@cursus.ca,1-951-554-7873,Fri Nov 09 2012 22:45:33 GMT+0700 (WIB)
114,Hillary,Francis,vel.faucibus@arcu.edu,1-931-228-6606,Thu Aug 30 2012 06:26:55 GMT+0700 (WIB)
115,Shana,Barry,Nunc.commodo.auctor@rhoncusNullamvelit.ca,1-582-360-6031,Sat Nov 02 2013 13:02:31 GMT+0700 (WIB)
116,Nasim,James,orci@Curabituregestas.ca,1-677-247-8286,Thu Sep 05 2013 11:48:34 GMT+0700 (WIB)
117,Wallace,Rogers,Sed@a.edu,1-550-263-3284,Sat Mar 31 2012 08:50:30 GMT+0700 (WIB)
118,Zephr,Durham,et@mattisIntegereu.org,1-123-942-6496,Sun Nov 18 2012 22:20:44 GMT+0700 (WIB)
119,Carla,Edwards,id.ante@sitametrisus.edu,1-165-394-8968,Wed Jan 01 2014 20:50:18 GMT+0700 (WIB)
120,Shay,Lindsey,Ut.sagittis@velconvallis.ca,1-630-370-9934,Mon Dec 17 2012 04:02:57 GMT+0700 (WIB)
121,Barbara,Carson,Morbi.sit@Duis.ca,1-522-329-1148,Wed Jan 01 2014 09:17:37 GMT+0700 (WIB)
122,Leandra,Briggs,purus.Duis.elementum@consectetueradipiscingelit.org,1-976-869-3719,Tue Jan 28 2014 00:23:19 GMT+0700 (WIB)
123,Amos,Ellis,ac@nequeInornare.edu,1-171-286-0476,Fri Dec 20 2013 12:54:15 GMT+0700 (WIB)
124,Sylvia,Hernandez,bibendum.sed.est@nonluctus.edu,1-319-681-5937,Thu Jul 25 2013 23:06:17 GMT+0700 (WIB)
125,Sandra,Burnett,ac@vitae.edu,1-487-424-1198,Fri Jun 01 2012 19:31:05 GMT+0700 (WIB)
126,Kimberly,Espinoza,enim@Vivamuseuismod.org,1-126-610-3915,Sun Jun 03 2012 14:23:28 GMT+0700 (WIB)
127,Yoshi,Good,leo.elementum@NullamnislMaecenas.ca,1-264-373-0363,Sat Aug 04 2012 13:26:06 GMT+0700 (WIB)
128,Teagan,Burnett,neque.In.ornare@eget.edu,1-802-293-7973,Thu Aug 16 2012 03:29:57 GMT+0700 (WIB)
129,Barbara,Kemp,malesuada.id.erat@porttitorscelerisque.com,1-917-944-3359,Sat Jan 18 2014 23:05:10 GMT+0700 (WIB)
130,Sharon,Ramsey,erat.Etiam.vestibulum@commodotincidunt.edu,1-786-673-9886,Wed Jun 06 2012 12:51:11 GMT+0700 (WIB)
131,Stuart,Lloyd,montes@Fuscefermentum.edu,1-565-700-7886,Thu Aug 01 2013 10:40:30 GMT+0700 (WIB)
132,Tyler,Henry,Praesent.eu@tristique.ca,1-711-790-3864,Mon Sep 10 2012 02:51:37 GMT+0700 (WIB)
133,Carter,Bolton,sit.amet@vitaesodales.ca,1-339-127-6111,Fri Jan 11 2013 13:48:57 GMT+0700 (WIB)
134,Graham,Gonzalez,sodales.Mauris@at.com,1-854-240-5612,Fri Oct 04 2013 04:00:35 GMT+0700 (WIB)
135,Tate,Noble,scelerisque.dui@ipsumdolorsit.org,1-124-745-9894,Sun Jun 24 2012 10:37:49 GMT+0700 (WIB)
136,Zoe,Barr,Nullam@arcuacorci.ca,1-918-579-8663,Thu Dec 13 2012 00:29:41 GMT+0700 (WIB)
137,Harper,Mitchell,orci.lobortis@Etiambibendumfermentum.com,1-410-490-8909,Sun Oct 14 2012 21:07:06 GMT+0700 (WIB)
138,Fatima,Stafford,egestas.a@euplacerateget.ca,1-459-215-5529,Fri Nov 23 2012 22:04:40 GMT+0700 (WIB)
139,Liberty,Taylor,aliquet.magna@Suspendisse.edu,1-671-561-4900,Fri Nov 08 2013 21:43:44 GMT+0700 (WIB)
140,Berk,Sweeney,aliquam.eu.accumsan@ultricies.ca,1-555-107-0666,Sun Sep 08 2013 23:11:41 GMT+0700 (WIB)
141,Oren,Zamora,Proin.ultrices@egetodio.edu,1-272-572-6814,Mon Oct 15 2012 09:53:55 GMT+0700 (WIB)
142,Vera,Hewitt,ac.mattis.ornare@nibhAliquamornare.org,1-932-909-5799,Sun Jul 21 2013 09:46:19 GMT+0700 (WIB)
143,Lucian,Morrison,convallis@commodotinciduntnibh.ca,1-460-952-3461,Mon Jun 10 2013 11:04:11 GMT+0700 (WIB)
144,Heather,Langley,commodo.at@dolorsit.edu,1-471-951-9180,Wed Nov 06 2013 19:01:09 GMT+0700 (WIB)
145,Quamar,Mckay,cursus.in.hendrerit@nullaanteiaculis.org,1-808-355-3908,Thu Jan 23 2014 13:36:07 GMT+0700 (WIB)
146,Sandra,Keller,vestibulum.massa@turpisNullaaliquet.edu,1-893-701-7876,Wed Aug 07 2013 18:39:56 GMT+0700 (WIB)
147,Ila,Peterson,non@eudolor.ca,1-875-375-0506,Fri Mar 23 2012 03:18:07 GMT+0700 (WIB)
148,Lane,Valencia,tortor@Duisrisusodio.edu,1-503-281-8389,Sat Oct 27 2012 14:07:45 GMT+0700 (WIB)
149,Hedwig,Hooper,Mauris@libero.ca,1-574-624-2842,Sat Oct 27 2012 05:48:41 GMT+0700 (WIB)
150,Lyle,Calderon,tellus@hymenaeosMauris.edu,1-712-640-5847,Wed Apr 25 2012 12:58:48 GMT+0700 (WIB)
151,Dahlia,Rivers,Cras.pellentesque.Sed@lectus.org,1-870-154-2255,Tue Nov 06 2012 07:41:25 GMT+0700 (WIB)
152,Xerxes,Christensen,malesuada.fames.ac@sollicitudincommodoipsum.com,1-543-128-8466,Sun Aug 05 2012 17:41:48 GMT+0700 (WIB)
153,Linda,Sweeney,non@idenimCurabitur.edu,1-856-172-6643,Tue Aug 27 2013 14:28:53 GMT+0700 (WIB)
154,Piper,Green,semper.rutrum@velpedeblandit.com,1-991-847-5066,Sat Sep 07 2013 06:18:51 GMT+0700 (WIB)
155,Darryl,Hickman,luctus.sit@Donec.edu,1-383-947-2216,Mon Dec 16 2013 05:11:48 GMT+0700 (WIB)
156,Ella,Anthony,blandit.viverra@metus.ca,1-886-493-0176,Sun Aug 18 2013 15:28:39 GMT+0700 (WIB)
157,Maggie,Wiggins,luctus.et.ultrices@eros.edu,1-208-439-0694,Mon Jan 20 2014 19:59:51 GMT+0700 (WIB)
158,Dorothy,Wooten,diam.dictum.sapien@ametnullaDonec.ca,1-351-478-0387,Sat Dec 28 2013 05:36:13 GMT+0700 (WIB)
159,Austin,Burke,vitae.purus@a.ca,1-779-739-1699,Tue Jan 28 2014 04:05:58 GMT+0700 (WIB)
160,Quentin,Rowland,nisi.dictum@cursus.org,1-485-514-2255,Thu Apr 25 2013 19:05:56 GMT+0700 (WIB)
161,Haviva,Sharp,velit@sempertellus.com,1-312-572-3509,Fri Jan 04 2013 04:20:05 GMT+0700 (WIB)
162,Ashton,Boyd,dolor.Nulla.semper@sodaleselit.com,1-997-213-8518,Sun Oct 06 2013 11:20:52 GMT+0700 (WIB)
163,Walter,Poole,auctor.ullamcorper@pharetra.org,1-547-898-7097,Thu Apr 11 2013 00:12:18 GMT+0700 (WIB)
164,Ronan,Higgins,gravida.sagittis@purusac.ca,1-663-425-2128,Wed Jul 24 2013 03:37:12 GMT+0700 (WIB)
165,Jenette,Elliott,mollis.Phasellus@accumsansedfacilisis.ca,1-606-405-1996,Sat Apr 21 2012 00:20:04 GMT+0700 (WIB)
166,Aquila,Hammond,lacus@temporeratneque.com,1-408-720-5731,Wed Oct 23 2013 01:31:31 GMT+0700 (WIB)
167,Rashad,Bradley,consectetuer@quamvelsapien.com,1-138-228-8329,Sat Mar 03 2012 02:41:21 GMT+0700 (WIB)
168,Gail,Craig,lorem.sit.amet@atrisus.org,1-416-999-1603,Mon Jun 17 2013 17:40:38 GMT+0700 (WIB)
169,Fletcher,Price,ullamcorper.Duis@euismodindolor.com,1-922-755-7975,Mon Dec 30 2013 22:09:14 GMT+0700 (WIB)
170,Lance,Graves,non.nisi@tortorNunccommodo.org,1-656-827-1647,Wed Aug 21 2013 12:24:59 GMT+0700 (WIB)
171,Courtney,Delgado,tortor.Nunc.commodo@elit.ca,1-954-741-2057,Sun Mar 03 2013 05:01:14 GMT+0700 (WIB)
172,Branden,Estrada,fermentum.risus@utnisia.com,1-731-896-6183,Thu Oct 31 2013 11:49:14 GMT+0700 (WIB)
173,Summer,Bates,egestas.blandit@enimCurabiturmassa.com,1-635-930-7532,Sun Mar 10 2013 06:40:57 GMT+0700 (WIB)
174,Felicia,Franco,adipiscing@tristique.ca,1-866-584-8652,Tue Dec 10 2013 00:12:15 GMT+0700 (WIB)
175,Kimberley,Lang,at@urna.com,1-285-839-0723,Mon Jan 27 2014 16:02:13 GMT+0700 (WIB)
176,Joy,Diaz,enim@Aenean.edu,1-645-511-7768,Thu Oct 11 2012 18:22:20 GMT+0700 (WIB)
177,Libby,Santos,risus@Sedegetlacus.org,1-864-836-2892,Mon Aug 13 2012 10:52:09 GMT+0700 (WIB)
178,Elvis,Bartlett,Nulla.dignissim.Maecenas@faucibuslectus.ca,1-250-827-6850,Mon Aug 13 2012 12:17:37 GMT+0700 (WIB)
179,Tanisha,Jenkins,accumsan@sagittis.ca,1-216-495-7256,Thu Oct 03 2013 13:12:26 GMT+0700 (WIB)
180,Mercedes,Dyer,eu@idsapien.org,1-384-979-9641,Fri Apr 19 2013 04:35:57 GMT+0700 (WIB)
181,Blake,Pacheco,sed@eleifendnecmalesuada.org,1-312-148-6107,Fri Feb 10 2012 07:24:37 GMT+0700 (WIB)
182,Phillip,Kaufman,augue.porttitor@auctorullamcorpernisl.ca,1-708-662-8898,Sat Oct 05 2013 08:14:35 GMT+0700 (WIB)
183,Shaeleigh,Romero,blandit@Curabitur.org,1-165-876-5519,Fri Mar 15 2013 03:39:18 GMT+0700 (WIB)
184,Zelda,Stephens,purus@enimsit.org,1-298-178-8668,Wed Dec 25 2013 08:27:42 GMT+0700 (WIB)
185,Callum,Park,mollis@Donecdignissimmagna.com,1-640-202-1903,Sun Jul 14 2013 03:44:17 GMT+0700 (WIB)
186,Shafira,Moody,amet.dapibus.id@bibendumfermentummetus.com,1-842-608-5255,Sun Feb 12 2012 09:50:59 GMT+0700 (WIB)
187,Brenda,Gould,magna@Nullaeuneque.org,1-268-369-6552,Mon Aug 19 2013 06:12:33 GMT+0700 (WIB)
188,Amber,Harper,Cras.eu.tellus@turpis.org,1-845-470-9841,Mon Mar 11 2013 14:37:40 GMT+0700 (WIB)
189,Haviva,Harper,Quisque.tincidunt.pede@justoPraesent.ca,1-728-473-6876,Wed Jun 27 2012 03:29:58 GMT+0700 (WIB)
190,Deirdre,Wilkins,posuere@urnanecluctus.com,1-325-209-3431,Sun Oct 28 2012 12:32:46 GMT+0700 (WIB)
191,Ivana,Stark,nunc.sed.pede@auctorvitae.edu,1-174-752-3723,Mon Jul 23 2012 05:45:20 GMT+0700 (WIB)
192,Omar,Bishop,Nulla.tempor.augue@Nunc.org,1-506-840-0997,Sun Jul 01 2012 04:27:24 GMT+0700 (WIB)
193,Dominique,Lynch,turpis.Nulla.aliquet@Fuscemi.ca,1-301-683-9547,Wed Feb 20 2013 04:45:30 GMT+0700 (WIB)
194,Perry,Pope,molestie.tortor.nibh@tincidunt.edu,1-142-231-9667,Mon Dec 23 2013 03:15:02 GMT+0700 (WIB)
195,Alika,Dorsey,risus@luctusut.edu,1-203-167-8357,Mon May 27 2013 21:37:40 GMT+0700 (WIB)
196,Sloane,Reynolds,Ut.tincidunt@mollisPhaselluslibero.edu,1-943-900-6028,Wed Jan 15 2014 22:53:21 GMT+0700 (WIB)
197,Abra,Sanders,arcu@interdumCurabiturdictum.com,1-182-827-5052,Sun Oct 07 2012 03:17:52 GMT+0700 (WIB)
198,Blaze,Gould,lorem@Nullaeu.org,1-377-980-7889,Thu Jan 24 2013 17:20:11 GMT+0700 (WIB)
199,Talon,Ryan,condimentum@risusNuncac.org,1-712-327-5317,Mon May 14 2012 11:05:15 GMT+0700 (WIB)
200,Merritt,Joyce,malesuada.fringilla@elitNullafacilisi.edu,1-702-580-4785,Thu Feb 23 2012 01:09:03 GMT+0700 (WIB)
201,Andrew,Tandiawan,atandiawan@andrrew.com,0813409,Sat Apr 11 2015 07:00:00 GMT+0700 (WIB)
85360,Rowan,Marcel,Uriah.Gibson@gmail.com,(468) 156-8010,Wed Feb 24 2016 03:24:01 GMT+0700 (WIB)
66326,Brock,Keanu,Joe.Corkery63@yahoo.com,(265) 350-0619,Mon Feb 01 2016 05:05:28 GMT+0700 (WIB)
32621,Lance,Jan,Vicente77@hotmail.com,516.846.6993,Wed Nov 11 2015 21:58:07 GMT+0700 (WIB)
17338,Vincenzo,Beatrice,Stephanie_Gottlieb73@gmail.com,1-173-492-1613,Wed Oct 14 2015 04:05:01 GMT+0700 (WIB)
30275,Zackery,Rocky,Lela86@hotmail.com,708.882.8797 x09676,Wed Oct 14 2015 12:09:51 GMT+0700 (WIB)
34637,Hellen,Minerva,Emmitt.Wolf88@yahoo.com,542.967.2401,Thu Jun 30 2016 17:26:21 GMT+0700 (WIB)
34876,Garrett,Valentina,Richmond39@gmail.com,(657) 741-1401,Thu Jan 14 2016 07:24:28 GMT+0700 (WIB)
9233,Rory,Lysanne,Iva38@yahoo.com,135-716-7175,Tue Aug 02 2016 10:03:57 GMT+0700 (WIB)
90727,Helena,Tremayne,Torey_Dibbert97@yahoo.com,1-574-450-8090 x82970,Wed Sep 09 2015 16:46:52 GMT+0700 (WIB)
67753,Tomasa,Antone,Nora.Rutherford@gmail.com,431.544.4985,Fri Aug 26 2016 15:24:36 GMT+0700 (WIB)
55949,Fay,Yasmeen,Candace_Leffler41@hotmail.com,1-920-141-8508 x681,Sun Jun 19 2016 00:06:43 GMT+0700 (WIB)
4028,Richmond,Katrina,Yvonne.Jakubowski@yahoo.com,077-327-1265 x51661,Tue Sep 15 2015 13:53:52 GMT+0700 (WIB)
18010,Cristal,Elody,Jimmie.Connelly33@gmail.com,1-700-183-4372 x955,Tue Dec 29 2015 00:51:17 GMT+0700 (WIB)
11175,Gust,Makayla,Arthur.Block77@yahoo.com,(545) 329-4731,Mon Mar 28 2016 20:47:37 GMT+0700 (WIB)
50361,Sheridan,Gretchen,Duane25@hotmail.com,146-057-1890,Tue Nov 10 2015 12:17:58 GMT+0700 (WIB)
40923,Elbert,Jacinto,Sophie_Bashirian10@yahoo.com,(416) 214-1169,Sat Nov 14 2015 16:07:08 GMT+0700 (WIB)
86861,Dina,Leilani,Stanford_Paucek29@gmail.com,1-061-220-6439 x71046,Tue Mar 15 2016 15:32:44 GMT+0700 (WIB)
83016,Herminio,Daisha,Melany35@yahoo.com,1-128-563-8537 x44443,Thu Nov 05 2015 00:35:38 GMT+0700 (WIB)
40558,Cruz,Michelle,Bulah.Ondricka@hotmail.com,909-046-8549,Sun Jan 17 2016 13:26:19 GMT+0700 (WIB)
14528,Summer,Lura,Ida_Purdy@yahoo.com,413.471.5712 x6710,Wed Sep 30 2015 00:36:38 GMT+0700 (WIB)
62467,Marjory,Elvis,Nathanial.Pacocha@hotmail.com,591-217-6935 x956,Mon Jan 04 2016 01:47:01 GMT+0700 (WIB)
30751,Maverick,Shaniya,Nicholaus24@hotmail.com,(100) 375-8071,Wed Jul 13 2016 23:37:22 GMT+0700 (WIB)
16096,Jayne,Arch,Skyla10@yahoo.com,543-224-6292 x33313,Mon Aug 29 2016 13:53:48 GMT+0700 (WIB)
77788,Elouise,Enoch,Assunta.Jones78@hotmail.com,278.861.4060,Fri Nov 27 2015 00:57:55 GMT+0700 (WIB)
37596,Gilbert,Kristofer,Tressa.Pollich40@yahoo.com,883.972.5008 x9618,Fri Jul 29 2016 20:57:42 GMT+0700 (WIB)
73067,Meta,Luisa,Julien_Pfannerstill14@yahoo.com,108.663.6553,Wed Aug 03 2016 20:25:46 GMT+0700 (WIB)
25519,Lacy,Armani,Claud_Fritsch93@gmail.com,753.891.8968 x250,Wed Jun 15 2016 00:53:11 GMT+0700 (WIB)
79057,Alicia,Dario,Ova.Ledner43@gmail.com,(945) 339-1720 x02381,Tue Aug 30 2016 12:45:23 GMT+0700 (WIB)
78243,Liam,Stella,Austen58@hotmail.com,(970) 997-6952,Sun Jan 31 2016 09:05:52 GMT+0700 (WIB)
26077,Shanel,Mattie,Karelle.Lindgren55@gmail.com,1-388-869-4720 x995,Mon Mar 21 2016 22:02:23 GMT+0700 (WIB)
11458,Maudie,Blaise,Edmond.Sporer@hotmail.com,1-132-381-5151,Sat Jul 16 2016 04:18:26 GMT+0700 (WIB)
32924,Lauretta,Brandyn,Lambert_Rolfson@hotmail.com,048.798.2168 x72048,Mon Mar 07 2016 04:30:17 GMT+0700 (WIB)
44582,Jerrell,Benton,Summer44@hotmail.com,1-103-161-4365,Tue Jun 14 2016 12:02:59 GMT+0700 (WIB)
1629,Susana,Tillman,Bell.Schmeler10@hotmail.com,1-911-856-5471,Wed Jun 15 2016 14:26:54 GMT+0700 (WIB)
6290,Sunny,Joanny,Boris.Senger@yahoo.com,1-313-566-1240 x2678,Wed Aug 31 2016 01:07:14 GMT+0700 (WIB)
52187,Friedrich,Lina,Devan73@hotmail.com,1-027-096-7272 x7101,Mon Dec 14 2015 17:50:26 GMT+0700 (WIB)
48939,Myah,Brown,Kurtis26@gmail.com,(736) 492-9298,Fri Apr 29 2016 12:12:42 GMT+0700 (WIB)
36293,Carlos,Andreanne,Karlee.Effertz@gmail.com,1-734-689-4078 x421,Mon Apr 25 2016 09:13:20 GMT+0700 (WIB)
55004,Jaden,Lexi,Rashawn.Boehm70@gmail.com,(750) 562-8345 x79049,Thu Mar 31 2016 01:17:06 GMT+0700 (WIB)
77088,Aleen,Roman,Sabryna.Wintheiser@yahoo.com,(787) 387-1758,Tue Aug 30 2016 09:17:05 GMT+0700 (WIB)
20892,Alyson,Dejon,Unique_Stanton@yahoo.com,622.661.2158 x924,Mon Mar 21 2016 17:17:38 GMT+0700 (WIB)
6545,Leif,Kendrick,Estell.Boyer@hotmail.com,1-452-981-5401,Sat Feb 06 2016 10:59:34 GMT+0700 (WIB)
19133,Paris,Ryleigh,Delilah_Bauch@hotmail.com,1-177-233-0381,Sun Sep 27 2015 16:09:28 GMT+0700 (WIB)
93299,Rosario,Thaddeus,Bryon_Bins@hotmail.com,158.028.3344 x36454,Tue Sep 22 2015 14:30:34 GMT+0700 (WIB)
75030,Alyce,Vicenta,Elody_Jakubowski91@hotmail.com,767-085-8111,Fri Mar 11 2016 08:53:14 GMT+0700 (WIB)
26508,Leopold,Amely,Ryley.McGlynn77@gmail.com,1-224-571-7396,Mon Aug 01 2016 16:39:54 GMT+0700 (WIB)
96534,Major,Jeff,Krystina_Hermiston86@gmail.com,1-207-164-2276,Mon Nov 23 2015 21:43:57 GMT+0700 (WIB)
84576,Ruby,Rosie,Mariano_Barton69@yahoo.com,(491) 910-3118 x126,Sun Nov 08 2015 13:10:52 GMT+0700 (WIB)
94039,Arlo,Robin,Marjory_Jerde91@yahoo.com,1-799-455-3319 x22038,Tue Sep 22 2015 17:07:48 GMT+0700 (WIB)
1846,Max,Mylene,Kaleigh_Prohaska@hotmail.com,481-159-9988,Sun Apr 03 2016 12:57:28 GMT+0700 (WIB)
97285,Wade,Lester,Cristina.Kerluke0@hotmail.com,1-042-183-0449,Tue Oct 27 2015 05:51:24 GMT+0700 (WIB)
90018,Krystal,Maudie,Bethany_Conn@gmail.com,659-785-2406 x0661,Mon Jul 11 2016 17:13:16 GMT+0700 (WIB)
75705,Ryder,Marcelino,Bridie.Sanford31@gmail.com,328-269-0776 x234,Mon Jul 18 2016 00:49:28 GMT+0700 (WIB)
5623,Meredith,Joshuah,Dejah.Howe@gmail.com,1-113-977-8386 x7125,Sun May 08 2016 01:03:12 GMT+0700 (WIB)
80331,Cameron,Marta,Garett.Romaguera@hotmail.com,295.026.3549 x311,Sun Dec 27 2015 14:04:02 GMT+0700 (WIB)
12654,Mose,Willard,Dedric97@yahoo.com,(046) 981-3113,Fri Jan 08 2016 14:12:04 GMT+0700 (WIB)
81865,Nia,Ellie,Zion_Cartwright@yahoo.com,295-327-2693 x3795,Fri Feb 26 2016 11:46:31 GMT+0700 (WIB)
17521,Kristofer,Felton,Lilyan_Stamm18@hotmail.com,(636) 325-6563 x790,Thu Jan 14 2016 10:35:14 GMT+0700 (WIB)
61631,Angelina,Nicklaus,Jasmin.Greenfelder@hotmail.com,1-158-777-5061 x5828,Mon Dec 21 2015 03:42:58 GMT+0700 (WIB)
71724,Chanelle,Susan,Ophelia16@yahoo.com,797-000-9167 x8879,Fri Aug 05 2016 06:49:09 GMT+0700 (WIB)
97692,Vance,Margaret,Rosanna.Gutmann90@yahoo.com,(811) 323-0460 x1303,Fri Jun 24 2016 03:27:41 GMT+0700 (WIB)
24727,Irma,Demarco,Orie_Morissette40@gmail.com,(721) 279-6957 x49302,Mon Feb 29 2016 17:31:50 GMT+0700 (WIB)
19550,Bernice,Zander,Charlie94@yahoo.com,1-768-392-0312,Fri Dec 18 2015 09:50:34 GMT+0700 (WIB)
3386,Ewald,Devyn,Westley_Rau57@yahoo.com,016.087.5366 x506,Sun Feb 28 2016 12:06:35 GMT+0700 (WIB)
82824,Hyman,Lionel,Darrion_Homenick49@hotmail.com,1-012-820-8873,Fri Apr 01 2016 02:33:14 GMT+0700 (WIB)
58289,Neha,Janet,Cheyenne_Schumm36@gmail.com,(939) 878-6301 x6179,Sat Aug 13 2016 18:29:33 GMT+0700 (WIB)
54240,Veronica,Shea,Tavares.Kautzer85@gmail.com,1-705-121-7863,Mon May 02 2016 11:00:36 GMT+0700 (WIB)
89080,Maureen,Christian,Theresia_Kulas@yahoo.com,1-041-689-4571,Tue Jul 05 2016 18:43:53 GMT+0700 (WIB)
89653,Brenden,Violette,Luz.Larkin92@gmail.com,1-307-399-5830 x942,Tue Apr 05 2016 05:38:55 GMT+0700 (WIB)
8887,Cali,Dovie,Geovany.Hintz82@gmail.com,(198) 022-6661,Fri Feb 19 2016 05:41:52 GMT+0700 (WIB)
25536,Krystal,Humberto,William.Schmitt@yahoo.com,347.719.8649 x05934,Thu Feb 18 2016 15:49:09 GMT+0700 (WIB)
24941,Zaria,Mazie,Addie.Wilderman57@yahoo.com,1-060-966-3880 x45147,Fri Apr 01 2016 08:31:49 GMT+0700 (WIB)
82874,Abby,Celestino,Brooklyn_Ferry@gmail.com,907.369.3754,Sat Mar 26 2016 22:57:22 GMT+0700 (WIB)
91236,Rosemary,Emmitt,Ed.Crist@hotmail.com,(859) 490-0013 x8131,Sat Nov 14 2015 07:01:18 GMT+0700 (WIB)
86875,Elliott,Madelyn,Frederick.Stroman85@gmail.com,1-741-871-6602 x858,Sat Mar 12 2016 08:45:59 GMT+0700 (WIB)
56342,Tyrell,Richmond,Jedidiah_Schaefer62@hotmail.com,(858) 064-7008 x741,Tue Feb 23 2016 07:55:50 GMT+0700 (WIB)
37742,Hugh,Halle,Ottilie_Shields@hotmail.com,330.466.7299,Mon Feb 22 2016 07:23:40 GMT+0700 (WIB)
20002,Aurore,Mohammed,Vanessa.Blick@gmail.com,419-047-7116 x93009,Sun Jan 31 2016 02:24:45 GMT+0700 (WIB)
6212,Janick,Prudence,Kurt.Kautzer@gmail.com,093-960-6056 x3395,Sat Oct 24 2015 09:44:28 GMT+0700 (WIB)
64705,Erna,Verona,Keanu.Kuphal@gmail.com,1-604-653-4093,Sun Dec 06 2015 20:50:29 GMT+0700 (WIB)
5191,Crawford,Celestine,Summer.MacGyver@gmail.com,(073) 037-1269,Wed Nov 25 2015 14:14:07 GMT+0700 (WIB)
48586,Howard,Martine,Carlos_Balistreri97@gmail.com,1-499-309-7061,Mon Jun 27 2016 07:31:45 GMT+0700 (WIB)
50565,Kory,Aniya,Ulises_Gorczany@hotmail.com,141-184-9505,Thu Sep 24 2015 02:19:34 GMT+0700 (WIB)
86332,Abbigail,Araceli,Aurelie37@yahoo.com,421.722.8286 x5730,Wed May 18 2016 13:48:25 GMT+0700 (WIB)
64397,Antwan,Nick,Vella.Koepp60@hotmail.com,(330) 855-7632 x7572,Sat Mar 19 2016 16:24:33 GMT+0700 (WIB)
6365,Shane,Pedro,Grayce37@hotmail.com,(854) 575-1507,Mon Oct 05 2015 14:03:08 GMT+0700 (WIB)
44219,Ethyl,Madge,Sherman18@hotmail.com,1-877-346-0565 x76828,Fri Jul 01 2016 01:44:26 GMT+0700 (WIB)
40683,Vito,Katlyn,Evans22@gmail.com,038-778-3638,Tue Dec 08 2015 22:02:38 GMT+0700 (WIB)
48531,Devon,Reilly,Buford.Yost93@gmail.com,408.462.5232 x493,Mon Aug 29 2016 00:49:48 GMT+0700 (WIB)
89454,Zula,Hailie,Dorris_Wiza@gmail.com,715-287-5161,Tue Dec 01 2015 19:56:10 GMT+0700 (WIB)
54708,Eddie,Gilda,Mckenna.OConnell@gmail.com,143.617.7345 x207,Thu Sep 24 2015 02:42:20 GMT+0700 (WIB)
33469,Shawn,Wanda,Madelynn_Howe@yahoo.com,195-912-3409 x43971,Wed Aug 03 2016 16:55:17 GMT+0700 (WIB)
50793,Trevor,Santos,Florine.Schmeler@yahoo.com,(665) 592-6715 x5942,Mon Jan 11 2016 04:35:44 GMT+0700 (WIB)
13387,Leonard,Raina,Ruben_Heller56@yahoo.com,1-109-005-7064 x527,Thu Dec 31 2015 02:39:08 GMT+0700 (WIB)
52522,Jayson,Omari,Anibal70@gmail.com,(761) 350-6542 x9180,Sat May 07 2016 22:20:03 GMT+0700 (WIB)
24508,Robyn,Violet,Casey11@gmail.com,(143) 366-2810,Tue Jul 05 2016 22:23:30 GMT+0700 (WIB)
16004,Caleb,Elroy,Carlotta_Johnston80@hotmail.com,246-284-1202,Sun May 15 2016 09:13:03 GMT+0700 (WIB)
81612,Carolyn,Melyssa,Ernestina3@yahoo.com,(686) 336-1452,Tue Feb 09 2016 12:26:02 GMT+0700 (WIB)
41169,Jamison,Valentin,Joseph.Wyman@yahoo.com,1-925-176-6135 x139,Wed May 04 2016 13:09:25 GMT+0700 (WIB)
82838,Ernie,Velda,Hattie90@hotmail.com,(502) 364-1053 x04659,Sun Aug 28 2016 07:35:31 GMT+0700 (WIB)
